url,start_date,end_date
https://x.com/milpitas95035,2024-10-01T00:00:00.000Z,2024-10-11T00:00:00.000Z
https://x.com/remonwangxt,2024-10-01T00:00:00.000Z,2024-10-11T00:00:00.000Z
https://x.com/bbcchinese,2024-10-01T00:00:00.000Z,2024-10-11T00:00:00.000Z
https://x.com/VOAYYH,2024-10-01T00:00:00.000Z,2024-10-11T00:00:00.000Z
https://x.com/VOAYUWEN,2024-10-01T00:00:00.000Z,2024-10-11T00:00:00.000Z
https://x.com/voachina,2024-10-01T00:00:00.000Z,2024-10-11T00:00:00.000Z
https://x.com/VOAChinese,2024-10-01T00:00:00.000Z,2024-10-11T00:00:00.000Z
https://x.com/RFA_Chinese,2024-10-01T00:00:00.000Z,2024-10-11T00:00:00.000Z
https://x.com/6doworld,2024-10-01T00:00:00.000Z,2024-10-11T00:00:00.000Z
https://x.com/DalaiLama,2024-10-01T00:00:00.000Z,2024-10-11T00:00:00.000Z
https://x.com/wanli198964,2024-10-01T00:00:00.000Z,2024-10-11T00:00:00.000Z
https://x.com/chenweijian2011,2024-10-01T00:00:00.000Z,2024-10-11T00:00:00.000Z
https://x.com/HuPing1,2024-10-01T00:00:00.000Z,2024-10-11T00:00:00.000Z
https://x.com/zhanglifan,2024-10-01T00:00:00.000Z,2024-10-11T00:00:00.000Z
https://x.com/dongmianxiong1,2024-10-01T00:00:00.000Z,2024-10-11T00:00:00.000Z
https://x.com/LiuGang8964,2024-10-01T00:00:00.000Z,2024-10-11T00:00:00.000Z
https://x.com/WEI_JINGSHENG,2024-10-01T00:00:00.000Z,2024-10-11T00:00:00.000Z
https://x.com/xchen156,2024-10-01T00:00:00.000Z,2024-10-11T00:00:00.000Z
https://x.com/MJTVHoPin,2024-10-01T00:00:00.000Z,2024-10-11T00:00:00.000Z
https://x.com/zhaoyan818,2024-10-01T00:00:00.000Z,2024-10-11T00:00:00.000Z
https://x.com/SoundOfHope_SOH,2024-10-01T00:00:00.000Z,2024-10-11T00:00:00.000Z
https://x.com/SoundofHopeSOH,2024-10-01T00:00:00.000Z,2024-10-11T00:00:00.000Z
https://x.com/weiquanwang,2024-10-01T00:00:00.000Z,2024-10-11T00:00:00.000Z
https://x.com/minshengguancha,2024-10-01T00:00:00.000Z,2024-10-11T00:00:00.000Z
https://x.com/kanzhongguo,2024-10-01T00:00:00.000Z,2024-10-11T00:00:00.000Z
https://x.com/MingJingNews,2024-10-01T00:00:00.000Z,2024-10-11T00:00:00.000Z
https://x.com/NTDChinese,2024-10-01T00:00:00.000Z,2024-10-11T00:00:00.000Z
https://x.com/hrw_chinese,2024-10-01T00:00:00.000Z,2024-10-11T00:00:00.000Z
https://x.com/aboluowang,2024-10-01T00:00:00.000Z,2024-10-11T00:00:00.000Z
https://x.com/boxun,2024-10-01T00:00:00.000Z,2024-10-11T00:00:00.000Z
